{
    "idSave": 502,
    "isFirstSession": false,
    "language": "ru",
    "promptDone": false,
    "topScore": 7030,
    "currentScore": 3846,
    "positionFruitX": [
        79.02525329589844,
        1.698106288909912,
        2.0724873542785646,
        0.8104258179664612,
        -0.7294567227363586,
        -1.2061266899108887,
        1.026261806488037,
        -1.5425411462783814,
        0.11191386729478836,
        2.27311635017395,
        1.8378875255584717,
        -1.7926836013793946,
        0.7215378284454346,
        -1.0726734399795533,
        0.7412806749343872,
        -0.1937067210674286,
        1.1658271551132203,
        0.0435359925031662,
        -0.835421085357666,
        -0.11246646195650101
    ],
    "positionFruitY": [
        -1045105.0,
        -3.9821572303771974,
        -2.816242218017578,
        -3.531179666519165,
        -3.9578468799591066,
        -4.337602615356445,
        -2.6848297119140627,
        -3.0083858966827394,
        -4.066600799560547,
        -2.284273624420166,
        -1.4700560569763184,
        -1.3874562978744507,
        -1.7567039728164673,
        -1.9531705379486085,
        -1.0786430835723878,
        -2.0699310302734377,
        -0.4681681990623474,
        -1.0306787490844727,
        -1.2339950799942017,
        -0.19024375081062318
    ],
    "positionFruitZ": [
        -1.4471588134765626,
        -1.4471588134765626,
        -1.4471588134765626,
        -1.4471588134765626,
        -1.4471588134765626,
        -1.4471588134765626,
        -1.4471588134765626,
        -1.4471588134765626,
        -1.4471588134765626,
        -1.4471588134765626,
        -1.4471588134765626,
        -1.4471588134765626,
        -1.4471588134765626,
        -1.4471588134765626,
        -1.4471588134765626,
        -1.4471588134765626,
        -1.4471588134765626,
        -1.4471588134765626,
        -1.4471588134765626,
        -1.4471588134765626
    ],
    "rotationFruitX": [
        0.0,
        0.0,
        0.0,
        0.0,
        0.0,
        0.0,
        0.0,
        0.0,
        0.0,
        0.0,
        0.0,
        0.0,
        0.0,
        0.0,
        0.0,
        0.0,
        0.0,
        0.0,
        0.0,
        0.0
    ],
    "rotationFruitY": [
        0.0,
        0.0,
        0.0,
        0.0,
        0.0,
        0.0,
        0.0,
        0.0,
        0.0,
        0.0,
        0.0,
        0.0,
        0.0,
        0.0,
        0.0,
        0.0,
        0.0,
        0.0,
        0.0,
        0.0
    ],
    "rotationFruitZ": [
        283.62310791015627,
        328.8080139160156,
        38.02652359008789,
        269.61474609375,
        22.941551208496095,
        56.31779479980469,
        66.44956970214844,
        37.70709991455078,
        11.535172462463379,
        176.84945678710938,
        314.1636657714844,
        326.4211120605469,
        180.81895446777345,
        88.14137268066406,
        15.802596092224121,
        310.37689208984377,
        307.6689758300781,
        48.02849197387695,
        115.80510711669922,
        356.5552673339844
    ],
    "typeFruit": [
        5,
        7,
        1,
        0,
        0,
        1,
        6,
        8,
        4,
        0,
        4,
        4,
        1,
        0,
        0,
        6,
        3,
        2,
        1,
        3
    ],
    "numberOfBomb": 0,
    "numberOfBlend": 0,
    "numberOfMultifruit": 2,
    "numberOfCrystal": 11
}